id,title,likes_count,likes
d9c1f319-12a8-4e1b-ba9a-eff981268ed0,NinthBlog,8,"Utkarsh , Utkarsh ,  ,  , Rachit Bundela, Sanidhya Mangal, Utkarsh Rasal, rasal Utkarsh"
7cb55946-c989-4746-8973-e6528fcb2c8a,NinthBlog,0,
575aefcf-26ac-4b06-b2c2-9cd2a810808c,NinthBlog,3,"Rachit Bundela, Sanidhya Mangal, Utkarsh Rasal"
b8aefe5b-4d71-42c7-9ee9-fa2fd50b8bed,SeventhBlog,4,"Rachit Bundela, Sanidhya Mangal, Utkarsh Rasal, rasal Utkarsh"
7e2d7f1e-71e0-4ee4-acfa-d88b1436a96d,fifth blog,1,Utkarsh Rasal
a1459dee-1fe0-4b16-ace7-2fa7b5bd5e58,fifth blog,0,
189dfbf7-87fb-4abe-ac4c-b6c8c1c39a33,fifth blog,0,
34dd6dce-c645-4a2b-845c-b436de8e4ff4,fifth blog,0,
8eaa1754-8999-41f4-a665-31e7e3c18d89,fifth blog,0,
57929e66-0159-415b-bc6b-151b01ab4c06,fifth blog,0,
f497ce6e-2b1f-42e2-b533-74152267b0a5,fifth blog,0,
408d4e20-4698-46a5-ba90-7fa0eadc9602,fifth blog,0,
660cf5f8-fea5-407b-b498-0afd9d62c33f,fifth blog,0,
